logo,team
/logos/list_by_team/177/Arizona_Cardinals/,Arizona Cardinals Logos
/logos/list_by_team/173/Atlanta_Falcons/,Atlanta Falcons Logos
/logos/list_by_team/153/Baltimore_Ravens/,Baltimore Ravens Logos
/logos/list_by_team/149/Buffalo_Bills/,Buffalo Bills Logos
/logos/list_by_team/174/Carolina_Panthers/,Carolina Panthers Logos
/logos/list_by_team/169/Chicago_Bears/,Chicago Bears Logos
/logos/list_by_team/154/Cincinnati_Bengals/,Cincinnati Bengals Logos
/logos/list_by_team/155/Cleveland_Browns/,Cleveland Browns Logos
/logos/list_by_team/165/Dallas_Cowboys/,Dallas Cowboys Logos
/logos/list_by_team/161/Denver_Broncos/,Denver Broncos Logos
/logos/list_by_team/170/Detroit_Lions/,Detroit Lions Logos
/logos/list_by_team/171/Green_Bay_Packers/,Green Bay Packers Logos
/logos/list_by_team/157/Houston_Texans/,Houston Texans Logos
/logos/list_by_team/158/Indianapolis_Colts/,Indianapolis Colts Logos
/logos/list_by_team/159/Jacksonville_Jaguars/,Jacksonville Jaguars Logos
/logos/list_by_team/162/Kansas_City_Chiefs/,Kansas City Chiefs Logos
/logos/list_by_team/6708/Las_Vegas_Raiders/,Las Vegas Raiders Logos
/logos/list_by_team/6446/Los_Angeles_Chargers/,Los Angeles Chargers Logos
/logos/list_by_team/5941/Los_Angeles_Rams/,Los Angeles Rams Logos
/logos/list_by_team/150/Miami_Dolphins/,Miami Dolphins Logos
/logos/list_by_team/172/Minnesota_Vikings/,Minnesota Vikings Logos
/logos/list_by_team/151/New_England_Patriots/,New England Patriots Logos
/logos/list_by_team/175/New_Orleans_Saints/,New Orleans Saints Logos
/logos/list_by_team/166/New_York_Giants/,New York Giants Logos
/logos/list_by_team/152/New_York_Jets/,New York Jets Logos
/logos/list_by_team/167/Philadelphia_Eagles/,Philadelphia Eagles Logos
/logos/list_by_team/156/Pittsburgh_Steelers/,Pittsburgh Steelers Logos
/logos/list_by_team/179/San_Francisco_49ers/,San Francisco 49ers Logos
/logos/list_by_team/180/Seattle_Seahawks/,Seattle Seahawks Logos
/logos/list_by_team/176/Tampa_Bay_Buccaneers/,Tampa Bay Buccaneers Logos
/logos/list_by_team/160/Tennessee_Titans/,Tennessee Titans Logos
/logos/list_by_team/6832/Washington_Commanders/,Washington Commanders Logos
